broad_qid,question_text,original_wvc_hypothesis,hypothesis_recoding_action,recoded_wvc_hypothesis_stem,likert_scale,response_text,response_hypothesis
Q11,"Important child qualities: Imagination Here is a list of qualities that children can be encouraged to learn at home. Which, if any, do you consider to be especially important? Please choose up to five. – Imagination",It is important for children to be imaginative.,keep,it is important for children to be imaginative.,1,Important,
Q11,"Important child qualities: Imagination Here is a list of qualities that children can be encouraged to learn at home. Which, if any, do you consider to be especially important? Please choose up to five. – Imagination",It is important for children to be imaginative.,keep,it is important for children to be imaginative.,2,Not mentioned,
Q152,Aims of country: first choice People sometimes talk about what the aims of this country should be for the next ten years. On this card are listed some of the goals which different people would give top priority. Would you please say which one of these you consider the most important?,"Over the coming years, the government should prioritize work to make our cities and countryside more beautiful.",reword,"Over the coming years, the government should prioritize work to make the nation's cities and countryside more beautiful.",4,Trying to make our cities and countryside more beautiful,"Over the coming years, the government should prioritize work to make the nation's cities and countryside more beautiful."
Q152,Aims of country: first choice People sometimes talk about what the aims of this country should be for the next ten years. On this card are listed some of the goals which different people would give top priority. Would you please say which one of these you consider the most important?,"Over the coming years, the government should prioritize ensuring this country has strong defense forces.",reword,"Over the coming years, the government should prioritize ensuring the country has strong defense forces.",2,Strong defence forces,"Over the coming years, the government should prioritize ensuring the country has strong defense forces."
Q152,Aims of country: first choice People sometimes talk about what the aims of this country should be for the next ten years. On this card are listed some of the goals which different people would give top priority. Would you please say which one of these you consider the most important?,"Over the coming years, the government should emphasize a high level of economic growth.",keep,"over the coming years, the government should emphasize a high level of economic growth.",1,A high level of economic growth,"over the coming years, the government should emphasize a high level of economic growth."
Q152,Aims of country: first choice People sometimes talk about what the aims of this country should be for the next ten years. On this card are listed some of the goals which different people would give top priority. Would you please say which one of these you consider the most important?,"Over the coming years, the government should focus on ensuring that people have more say about how things are done at their jobs and in their communities.",keep,"over the coming years, the government should focus on ensuring that people have more say about how things are done at their jobs and in their communities.",3,People have more say about how things are done,"over the coming years, the government should focus on ensuring that people have more say about how things are done at their jobs and in their communities."
Q154,"Aims of respondent: first choice If you had to choose, which one of the things on this card would you say is most important?",Maintaining order in the nation is of utmost importance.,keep,maintaining order in the nation is of utmost importance.,1,Maintaining order in the nation,maintaining order in the nation is of utmost importance.
Q154,"Aims of respondent: first choice If you had to choose, which one of the things on this card would you say is most important?",Fighting rising prices is of utmost importance.,keep,fighting rising prices is of utmost importance.,3,Fighting rising prices,fighting rising prices is of utmost importance.
Q154,"Aims of respondent: first choice If you had to choose, which one of the things on this card would you say is most important?",Protecting freedom of speech is of utmost importance.,keep,protecting freedom of speech is of utmost importance.,4,Protecting freedom of speech,protecting freedom of speech is of utmost importance.
Q154,"Aims of respondent: first choice If you had to choose, which one of the things on this card would you say is most important?",Giving people more say in important government decisions is of utmost importance.,keep,giving people more say in important government decisions is of utmost importance.,2,Giving people more say in important government decisions,giving people more say in important government decisions is of utmost importance.
Q17,"Important child qualities: Obedience Here is a list of qualities that children can be encouraged to learn at home. Which, if any, do you consider to be especially important? Please choose up to five. – Obedience",It is important for children to be obedient.,keep,it is important for children to be obedient.,1,Important,
Q17,"Important child qualities: Obedience Here is a list of qualities that children can be encouraged to learn at home. Which, if any, do you consider to be especially important? Please choose up to five. – Obedience",It is important for children to be obedient.,keep,it is important for children to be obedient.,2,Not mentioned,
Q171,"How often do you attend religious services Apart from weddings, funerals and christenings, about how often do you attend religious services these days?",I attend religious services all the time.,reword,frequently attending religious services is routine.,1,More than once a week,
Q171,"How often do you attend religious services Apart from weddings, funerals and christenings, about how often do you attend religious services these days?",I attend religious services all the time.,reword,frequently attending religious services is routine.,2,Once a week,
Q171,"How often do you attend religious services Apart from weddings, funerals and christenings, about how often do you attend religious services these days?",I attend religious services all the time.,reword,frequently attending religious services is routine.,3,Once a month,
Q171,"How often do you attend religious services Apart from weddings, funerals and christenings, about how often do you attend religious services these days?",I attend religious services all the time.,reword,frequently attending religious services is routine.,4,Only on special holy days,
Q171,"How often do you attend religious services Apart from weddings, funerals and christenings, about how often do you attend religious services these days?",I attend religious services all the time.,reword,frequently attending religious services is routine.,5,Once a year,
Q171,"How often do you attend religious services Apart from weddings, funerals and christenings, about how often do you attend religious services these days?",I attend religious services all the time.,reword,frequently attending religious services is routine.,6,Less often,
Q171,"How often do you attend religious services Apart from weddings, funerals and christenings, about how often do you attend religious services these days?",I attend religious services all the time.,reword,frequently attending religious services is routine.,7,"Never, practically never",
Q173,"Religious person Independently of whether you go to church or not, would you say you are…",I am a religious person.,reword,religiosity is an inseparable part of one's identity.,1,A religious person,
Q173,"Religious person Independently of whether you go to church or not, would you say you are…",I am a religious person.,reword,religiosity is an inseparable part of one's identity.,2,Not a religious person,
Q173,"Religious person Independently of whether you go to church or not, would you say you are…",I am a religious person.,reword,religiosity is an inseparable part of one's identity.,3,An atheist,
Q178,"Justifiable: Avoiding a fare on public transport Please tell me for each of the following statements whether you think it can always be justified, never be justified, or something in between, using this card. - Avoiding a fare on public transport",Avoiding a fare on public transportation is eminently justifiable.,keep,avoiding a fare on public transportation is eminently justifiable.,1,Never justifiable,
Q178,"Justifiable: Avoiding a fare on public transport Please tell me for each of the following statements whether you think it can always be justified, never be justified, or something in between, using this card. - Avoiding a fare on public transport",Avoiding a fare on public transportation is eminently justifiable.,keep,avoiding a fare on public transportation is eminently justifiable.,2,,
Q178,"Justifiable: Avoiding a fare on public transport Please tell me for each of the following statements whether you think it can always be justified, never be justified, or something in between, using this card. - Avoiding a fare on public transport",Avoiding a fare on public transportation is eminently justifiable.,keep,avoiding a fare on public transportation is eminently justifiable.,3,,
Q178,"Justifiable: Avoiding a fare on public transport Please tell me for each of the following statements whether you think it can always be justified, never be justified, or something in between, using this card. - Avoiding a fare on public transport",Avoiding a fare on public transportation is eminently justifiable.,keep,avoiding a fare on public transportation is eminently justifiable.,4,,
Q178,"Justifiable: Avoiding a fare on public transport Please tell me for each of the following statements whether you think it can always be justified, never be justified, or something in between, using this card. - Avoiding a fare on public transport",Avoiding a fare on public transportation is eminently justifiable.,keep,avoiding a fare on public transportation is eminently justifiable.,5,,
Q178,"Justifiable: Avoiding a fare on public transport Please tell me for each of the following statements whether you think it can always be justified, never be justified, or something in between, using this card. - Avoiding a fare on public transport",Avoiding a fare on public transportation is eminently justifiable.,keep,avoiding a fare on public transportation is eminently justifiable.,6,,
Q178,"Justifiable: Avoiding a fare on public transport Please tell me for each of the following statements whether you think it can always be justified, never be justified, or something in between, using this card. - Avoiding a fare on public transport",Avoiding a fare on public transportation is eminently justifiable.,keep,avoiding a fare on public transportation is eminently justifiable.,7,,
Q178,"Justifiable: Avoiding a fare on public transport Please tell me for each of the following statements whether you think it can always be justified, never be justified, or something in between, using this card. - Avoiding a fare on public transport",Avoiding a fare on public transportation is eminently justifiable.,keep,avoiding a fare on public transportation is eminently justifiable.,8,,
Q178,"Justifiable: Avoiding a fare on public transport Please tell me for each of the following statements whether you think it can always be justified, never be justified, or something in between, using this card. - Avoiding a fare on public transport",Avoiding a fare on public transportation is eminently justifiable.,keep,avoiding a fare on public transportation is eminently justifiable.,9,,
Q178,"Justifiable: Avoiding a fare on public transport Please tell me for each of the following statements whether you think it can always be justified, never be justified, or something in between, using this card. - Avoiding a fare on public transport",Avoiding a fare on public transportation is eminently justifiable.,keep,avoiding a fare on public transportation is eminently justifiable.,10,Always justifiable,
Q180,"Justifiable: Cheating on taxes Please tell me for each of the following statements whether you think it can always be justified, never be justified, or something in between, using this card. Cheating on taxes if you have a chance",Cheating on one's taxes is justifiable.,keep,cheating on one's taxes is justifiable.,1,Never justifiable,
Q180,"Justifiable: Cheating on taxes Please tell me for each of the following statements whether you think it can always be justified, never be justified, or something in between, using this card. Cheating on taxes if you have a chance",Cheating on one's taxes is justifiable.,keep,cheating on one's taxes is justifiable.,2,,
Q180,"Justifiable: Cheating on taxes Please tell me for each of the following statements whether you think it can always be justified, never be justified, or something in between, using this card. Cheating on taxes if you have a chance",Cheating on one's taxes is justifiable.,keep,cheating on one's taxes is justifiable.,3,,
Q180,"Justifiable: Cheating on taxes Please tell me for each of the following statements whether you think it can always be justified, never be justified, or something in between, using this card. Cheating on taxes if you have a chance",Cheating on one's taxes is justifiable.,keep,cheating on one's taxes is justifiable.,4,,
Q180,"Justifiable: Cheating on taxes Please tell me for each of the following statements whether you think it can always be justified, never be justified, or something in between, using this card. Cheating on taxes if you have a chance",Cheating on one's taxes is justifiable.,keep,cheating on one's taxes is justifiable.,5,,
Q180,"Justifiable: Cheating on taxes Please tell me for each of the following statements whether you think it can always be justified, never be justified, or something in between, using this card. Cheating on taxes if you have a chance",Cheating on one's taxes is justifiable.,keep,cheating on one's taxes is justifiable.,6,,
Q180,"Justifiable: Cheating on taxes Please tell me for each of the following statements whether you think it can always be justified, never be justified, or something in between, using this card. Cheating on taxes if you have a chance",Cheating on one's taxes is justifiable.,keep,cheating on one's taxes is justifiable.,7,,
Q180,"Justifiable: Cheating on taxes Please tell me for each of the following statements whether you think it can always be justified, never be justified, or something in between, using this card. Cheating on taxes if you have a chance",Cheating on one's taxes is justifiable.,keep,cheating on one's taxes is justifiable.,8,,
Q180,"Justifiable: Cheating on taxes Please tell me for each of the following statements whether you think it can always be justified, never be justified, or something in between, using this card. Cheating on taxes if you have a chance",Cheating on one's taxes is justifiable.,keep,cheating on one's taxes is justifiable.,9,,
Q180,"Justifiable: Cheating on taxes Please tell me for each of the following statements whether you think it can always be justified, never be justified, or something in between, using this card. Cheating on taxes if you have a chance",Cheating on one's taxes is justifiable.,keep,cheating on one's taxes is justifiable.,10,Always justifiable,
Q181,"Justifiable: Someone accepting a bribe in the course of their duties Please tell me for each of the following statements whether you think it can always be justified, never be justified, or something in between, using this card. Someone accepting a bribe in the course of their duties",Accepting a bribe in the course of one's duties is perfectly justifiable.,keep,accepting a bribe in the course of one's duties is perfectly justifiable.,1,Never justifiable,
Q181,"Justifiable: Someone accepting a bribe in the course of their duties Please tell me for each of the following statements whether you think it can always be justified, never be justified, or something in between, using this card. Someone accepting a bribe in the course of their duties",Accepting a bribe in the course of one's duties is perfectly justifiable.,keep,accepting a bribe in the course of one's duties is perfectly justifiable.,2,,
Q181,"Justifiable: Someone accepting a bribe in the course of their duties Please tell me for each of the following statements whether you think it can always be justified, never be justified, or something in between, using this card. Someone accepting a bribe in the course of their duties",Accepting a bribe in the course of one's duties is perfectly justifiable.,keep,accepting a bribe in the course of one's duties is perfectly justifiable.,3,,
Q181,"Justifiable: Someone accepting a bribe in the course of their duties Please tell me for each of the following statements whether you think it can always be justified, never be justified, or something in between, using this card. Someone accepting a bribe in the course of their duties",Accepting a bribe in the course of one's duties is perfectly justifiable.,keep,accepting a bribe in the course of one's duties is perfectly justifiable.,4,,
Q181,"Justifiable: Someone accepting a bribe in the course of their duties Please tell me for each of the following statements whether you think it can always be justified, never be justified, or something in between, using this card. Someone accepting a bribe in the course of their duties",Accepting a bribe in the course of one's duties is perfectly justifiable.,keep,accepting a bribe in the course of one's duties is perfectly justifiable.,5,,
Q181,"Justifiable: Someone accepting a bribe in the course of their duties Please tell me for each of the following statements whether you think it can always be justified, never be justified, or something in between, using this card. Someone accepting a bribe in the course of their duties",Accepting a bribe in the course of one's duties is perfectly justifiable.,keep,accepting a bribe in the course of one's duties is perfectly justifiable.,6,,
Q181,"Justifiable: Someone accepting a bribe in the course of their duties Please tell me for each of the following statements whether you think it can always be justified, never be justified, or something in between, using this card. Someone accepting a bribe in the course of their duties",Accepting a bribe in the course of one's duties is perfectly justifiable.,keep,accepting a bribe in the course of one's duties is perfectly justifiable.,7,,
Q181,"Justifiable: Someone accepting a bribe in the course of their duties Please tell me for each of the following statements whether you think it can always be justified, never be justified, or something in between, using this card. Someone accepting a bribe in the course of their duties",Accepting a bribe in the course of one's duties is perfectly justifiable.,keep,accepting a bribe in the course of one's duties is perfectly justifiable.,8,,
Q181,"Justifiable: Someone accepting a bribe in the course of their duties Please tell me for each of the following statements whether you think it can always be justified, never be justified, or something in between, using this card. Someone accepting a bribe in the course of their duties",Accepting a bribe in the course of one's duties is perfectly justifiable.,keep,accepting a bribe in the course of one's duties is perfectly justifiable.,9,,
Q181,"Justifiable: Someone accepting a bribe in the course of their duties Please tell me for each of the following statements whether you think it can always be justified, never be justified, or something in between, using this card. Someone accepting a bribe in the course of their duties",Accepting a bribe in the course of one's duties is perfectly justifiable.,keep,accepting a bribe in the course of one's duties is perfectly justifiable.,10,Always justifiable,
Q182,"Justifiable: Homosexuality Please tell me for each of the following statements whether you think it can always be justified, never be justified, or something in between, using this card. Homosexuality",Homosexuality is completely justifiable.,keep,homosexuality is completely justifiable.,1,Never justifiable,
Q182,"Justifiable: Homosexuality Please tell me for each of the following statements whether you think it can always be justified, never be justified, or something in between, using this card. Homosexuality",Homosexuality is completely justifiable.,keep,homosexuality is completely justifiable.,2,,
Q182,"Justifiable: Homosexuality Please tell me for each of the following statements whether you think it can always be justified, never be justified, or something in between, using this card. Homosexuality",Homosexuality is completely justifiable.,keep,homosexuality is completely justifiable.,3,,
Q182,"Justifiable: Homosexuality Please tell me for each of the following statements whether you think it can always be justified, never be justified, or something in between, using this card. Homosexuality",Homosexuality is completely justifiable.,keep,homosexuality is completely justifiable.,4,,
Q182,"Justifiable: Homosexuality Please tell me for each of the following statements whether you think it can always be justified, never be justified, or something in between, using this card. Homosexuality",Homosexuality is completely justifiable.,keep,homosexuality is completely justifiable.,5,,
Q182,"Justifiable: Homosexuality Please tell me for each of the following statements whether you think it can always be justified, never be justified, or something in between, using this card. Homosexuality",Homosexuality is completely justifiable.,keep,homosexuality is completely justifiable.,6,,
Q182,"Justifiable: Homosexuality Please tell me for each of the following statements whether you think it can always be justified, never be justified, or something in between, using this card. Homosexuality",Homosexuality is completely justifiable.,keep,homosexuality is completely justifiable.,7,,
Q182,"Justifiable: Homosexuality Please tell me for each of the following statements whether you think it can always be justified, never be justified, or something in between, using this card. Homosexuality",Homosexuality is completely justifiable.,keep,homosexuality is completely justifiable.,8,,
Q182,"Justifiable: Homosexuality Please tell me for each of the following statements whether you think it can always be justified, never be justified, or something in between, using this card. Homosexuality",Homosexuality is completely justifiable.,keep,homosexuality is completely justifiable.,9,,
Q182,"Justifiable: Homosexuality Please tell me for each of the following statements whether you think it can always be justified, never be justified, or something in between, using this card. Homosexuality",Homosexuality is completely justifiable.,keep,homosexuality is completely justifiable.,10,Always justifiable,
Q184,"Justifiable: Abortion Please tell me for each of the following statements whether you think it can always be justified, never be justified, or something in between, using this card. Abortion",Abortion is easily justifiable.,keep,abortion is easily justifiable.,1,Never justifiable,
Q184,"Justifiable: Abortion Please tell me for each of the following statements whether you think it can always be justified, never be justified, or something in between, using this card. Abortion",Abortion is easily justifiable.,keep,abortion is easily justifiable.,2,,
Q184,"Justifiable: Abortion Please tell me for each of the following statements whether you think it can always be justified, never be justified, or something in between, using this card. Abortion",Abortion is easily justifiable.,keep,abortion is easily justifiable.,3,,
Q184,"Justifiable: Abortion Please tell me for each of the following statements whether you think it can always be justified, never be justified, or something in between, using this card. Abortion",Abortion is easily justifiable.,keep,abortion is easily justifiable.,4,,
Q184,"Justifiable: Abortion Please tell me for each of the following statements whether you think it can always be justified, never be justified, or something in between, using this card. Abortion",Abortion is easily justifiable.,keep,abortion is easily justifiable.,5,,
Q184,"Justifiable: Abortion Please tell me for each of the following statements whether you think it can always be justified, never be justified, or something in between, using this card. Abortion",Abortion is easily justifiable.,keep,abortion is easily justifiable.,6,,
Q184,"Justifiable: Abortion Please tell me for each of the following statements whether you think it can always be justified, never be justified, or something in between, using this card. Abortion",Abortion is easily justifiable.,keep,abortion is easily justifiable.,7,,
Q184,"Justifiable: Abortion Please tell me for each of the following statements whether you think it can always be justified, never be justified, or something in between, using this card. Abortion",Abortion is easily justifiable.,keep,abortion is easily justifiable.,8,,
Q184,"Justifiable: Abortion Please tell me for each of the following statements whether you think it can always be justified, never be justified, or something in between, using this card. Abortion",Abortion is easily justifiable.,keep,abortion is easily justifiable.,9,,
Q184,"Justifiable: Abortion Please tell me for each of the following statements whether you think it can always be justified, never be justified, or something in between, using this card. Abortion",Abortion is easily justifiable.,keep,abortion is easily justifiable.,10,Always justifiable,
Q185,"Justifiable: Divorce Please tell me for each of the following statements whether you think it can always be justified, never be justified, or something in between, using this card. Divorce",Divorce is justifiable.,keep,divorce is justifiable.,1,Never justifiable,
Q185,"Justifiable: Divorce Please tell me for each of the following statements whether you think it can always be justified, never be justified, or something in between, using this card. Divorce",Divorce is justifiable.,keep,divorce is justifiable.,2,,
Q185,"Justifiable: Divorce Please tell me for each of the following statements whether you think it can always be justified, never be justified, or something in between, using this card. Divorce",Divorce is justifiable.,keep,divorce is justifiable.,3,,
Q185,"Justifiable: Divorce Please tell me for each of the following statements whether you think it can always be justified, never be justified, or something in between, using this card. Divorce",Divorce is justifiable.,keep,divorce is justifiable.,4,,
Q185,"Justifiable: Divorce Please tell me for each of the following statements whether you think it can always be justified, never be justified, or something in between, using this card. Divorce",Divorce is justifiable.,keep,divorce is justifiable.,5,,
Q185,"Justifiable: Divorce Please tell me for each of the following statements whether you think it can always be justified, never be justified, or something in between, using this card. Divorce",Divorce is justifiable.,keep,divorce is justifiable.,6,,
Q185,"Justifiable: Divorce Please tell me for each of the following statements whether you think it can always be justified, never be justified, or something in between, using this card. Divorce",Divorce is justifiable.,keep,divorce is justifiable.,7,,
Q185,"Justifiable: Divorce Please tell me for each of the following statements whether you think it can always be justified, never be justified, or something in between, using this card. Divorce",Divorce is justifiable.,keep,divorce is justifiable.,8,,
Q185,"Justifiable: Divorce Please tell me for each of the following statements whether you think it can always be justified, never be justified, or something in between, using this card. Divorce",Divorce is justifiable.,keep,divorce is justifiable.,9,,
Q185,"Justifiable: Divorce Please tell me for each of the following statements whether you think it can always be justified, never be justified, or something in between, using this card. Divorce",Divorce is justifiable.,keep,divorce is justifiable.,10,Always justifiable,
Q254,National pride How proud are you to be of nationality of this country?,I am proud to be from my country.,reword,one possesses national pride.,1,Very proud,
Q254,National pride How proud are you to be of nationality of this country?,I am proud to be from my country.,reword,one possesses national pride.,2,Quite proud,
Q254,National pride How proud are you to be of nationality of this country?,I am proud to be from my country.,reword,one possesses national pride.,3,Not very proud,
Q254,National pride How proud are you to be of nationality of this country?,I am proud to be from my country.,reword,one possesses national pride.,4,Not at all proud,
Q27,"One of main goals in life has been to make my parents proud For each of the following statements I read out, can you tell me how much you agree with each. Do you agree strongly, agree, disagree, or disagree strongly? - One of my main goals in life has been to make my parents proud",One of my main goals in life has been to make my parents proud.,reword,making one’s parent’s proud is of central importance in life.,1,Agree strongly,
Q27,"One of main goals in life has been to make my parents proud For each of the following statements I read out, can you tell me how much you agree with each. Do you agree strongly, agree, disagree, or disagree strongly? - One of my main goals in life has been to make my parents proud",One of my main goals in life has been to make my parents proud.,reword,making one’s parent’s proud is of central importance in life.,2,Agree,
Q27,"One of main goals in life has been to make my parents proud For each of the following statements I read out, can you tell me how much you agree with each. Do you agree strongly, agree, disagree, or disagree strongly? - One of my main goals in life has been to make my parents proud",One of my main goals in life has been to make my parents proud.,reword,making one’s parent’s proud is of central importance in life.,3,Disagree,
Q27,"One of main goals in life has been to make my parents proud For each of the following statements I read out, can you tell me how much you agree with each. Do you agree strongly, agree, disagree, or disagree strongly? - One of my main goals in life has been to make my parents proud",One of my main goals in life has been to make my parents proud.,reword,making one’s parent’s proud is of central importance in life.,4,Strongly disagree,
Q29,"Men make better political leaders than women do For each of the following statements I read out, can you tell me how much you agree with each. Do you agree strongly, agree, disagree, or disagree strongly? - On the whole, men make better political leaders than women do",Men make better political leaders than women do.,keep,men make better political leaders than women do.,1,Agree strongly,
Q29,"Men make better political leaders than women do For each of the following statements I read out, can you tell me how much you agree with each. Do you agree strongly, agree, disagree, or disagree strongly? - On the whole, men make better political leaders than women do",Men make better political leaders than women do.,keep,men make better political leaders than women do.,2,Agree,
Q29,"Men make better political leaders than women do For each of the following statements I read out, can you tell me how much you agree with each. Do you agree strongly, agree, disagree, or disagree strongly? - On the whole, men make better political leaders than women do",Men make better political leaders than women do.,keep,men make better political leaders than women do.,3,Disagree,
Q29,"Men make better political leaders than women do For each of the following statements I read out, can you tell me how much you agree with each. Do you agree strongly, agree, disagree, or disagree strongly? - On the whole, men make better political leaders than women do",Men make better political leaders than women do.,keep,men make better political leaders than women do.,4,Strongly disagree,
Q30,"University is more important for a boy than for a girl For each of the following statements I read out, can you tell me how much you agree with each. Do you agree strongly, agree, disagree, or disagree strongly? - A university education is more important for a boy than for a girl",University is more important for a boy than it is for a girl.,keep,university is more important for a boy than it is for a girl.,1,Agree strongly,
Q30,"University is more important for a boy than for a girl For each of the following statements I read out, can you tell me how much you agree with each. Do you agree strongly, agree, disagree, or disagree strongly? - A university education is more important for a boy than for a girl",University is more important for a boy than it is for a girl.,keep,university is more important for a boy than it is for a girl.,2,Agree,
Q30,"University is more important for a boy than for a girl For each of the following statements I read out, can you tell me how much you agree with each. Do you agree strongly, agree, disagree, or disagree strongly? - A university education is more important for a boy than for a girl",University is more important for a boy than it is for a girl.,keep,university is more important for a boy than it is for a girl.,3,Disagree,
Q30,"University is more important for a boy than for a girl For each of the following statements I read out, can you tell me how much you agree with each. Do you agree strongly, agree, disagree, or disagree strongly? - A university education is more important for a boy than for a girl",University is more important for a boy than it is for a girl.,keep,university is more important for a boy than it is for a girl.,4,Strongly disagree,
Q33_3,"Jobs scarce: Men should have more right to a job than women Do you agree, disagree or neither agree nor disagree with the following statements? - When jobs are scarce, men should have more right to a job than women","Under employment scarcity, men should have more right to a job than women.",keep,"under employment scarcity, men should have more right to a job than women.",1,Agree,
Q33_3,"Jobs scarce: Men should have more right to a job than women Do you agree, disagree or neither agree nor disagree with the following statements? - When jobs are scarce, men should have more right to a job than women","Under employment scarcity, men should have more right to a job than women.",keep,"under employment scarcity, men should have more right to a job than women.",2,Disagree,
Q33_3,"Jobs scarce: Men should have more right to a job than women Do you agree, disagree or neither agree nor disagree with the following statements? - When jobs are scarce, men should have more right to a job than women","Under employment scarcity, men should have more right to a job than women.",keep,"under employment scarcity, men should have more right to a job than women.",3,Neither agree nor disagree,
Q45,"Future changes: Greater respect for authority I'm going to read out a list of various changes in our way of life that might take place in the near future. Please tell me for each one, if it were to happen, whether you think it would be a good thing, a bad thing, or don't you mind? – Greater respect for authority","In the future, people should show greater respect for authority.",keep,"in the future, people should show greater respect for authority.",1,Good thing,
Q45,"Future changes: Greater respect for authority I'm going to read out a list of various changes in our way of life that might take place in the near future. Please tell me for each one, if it were to happen, whether you think it would be a good thing, a bad thing, or don't you mind? – Greater respect for authority","In the future, people should show greater respect for authority.",keep,"in the future, people should show greater respect for authority.",2,Don't mind,
Q45,"Future changes: Greater respect for authority I'm going to read out a list of various changes in our way of life that might take place in the near future. Please tell me for each one, if it were to happen, whether you think it would be a good thing, a bad thing, or don't you mind? – Greater respect for authority","In the future, people should show greater respect for authority.",keep,"in the future, people should show greater respect for authority.",3,Bad thing,
Q6,"Important in life: Religion For each of the following aspects, indicate how important it is in your life. Would you say it is very important, rather important, not very important or not important at all? – Religion",Religion is important in life.,keep,religion is important in life.,1,Very important,
Q6,"Important in life: Religion For each of the following aspects, indicate how important it is in your life. Would you say it is very important, rather important, not very important or not important at all? – Religion",Religion is important in life.,keep,religion is important in life.,2,Rather important,
Q6,"Important in life: Religion For each of the following aspects, indicate how important it is in your life. Would you say it is very important, rather important, not very important or not important at all? – Religion",Religion is important in life.,keep,religion is important in life.,3,Not very important,
Q6,"Important in life: Religion For each of the following aspects, indicate how important it is in your life. Would you say it is very important, rather important, not very important or not important at all? – Religion",Religion is important in life.,keep,religion is important in life.,4,Not at all important,
Q65,"Confidence: Armed Forces I am going to name a number of organizations. For each one, could you tell me how much confidence you have in them: is it a great deal of confidence, quite a lot of confidence, not very much confidence or none at all? The armed forces",I have high confidence in the armed forces.,reword,one can have confidence in the armed forces.,1,A great deal,
Q65,"Confidence: Armed Forces I am going to name a number of organizations. For each one, could you tell me how much confidence you have in them: is it a great deal of confidence, quite a lot of confidence, not very much confidence or none at all? The armed forces",I have high confidence in the armed forces.,reword,one can have confidence in the armed forces.,2,Quite a lot,
Q65,"Confidence: Armed Forces I am going to name a number of organizations. For each one, could you tell me how much confidence you have in them: is it a great deal of confidence, quite a lot of confidence, not very much confidence or none at all? The armed forces",I have high confidence in the armed forces.,reword,one can have confidence in the armed forces.,3,Not very much,
Q65,"Confidence: Armed Forces I am going to name a number of organizations. For each one, could you tell me how much confidence you have in them: is it a great deal of confidence, quite a lot of confidence, not very much confidence or none at all? The armed forces",I have high confidence in the armed forces.,reword,one can have confidence in the armed forces.,4,None at all,
Q69,"Confidence: The Police I am going to name a number of organizations. For each one, could you tell me how much confidence you have in them: is it a great deal of confidence, quite a lot of confidence, not very much confidence or none at all? The police",I have high confidence in the police.,reword,one can have confidence in the police.,1,A great deal,
Q69,"Confidence: The Police I am going to name a number of organizations. For each one, could you tell me how much confidence you have in them: is it a great deal of confidence, quite a lot of confidence, not very much confidence or none at all? The police",I have high confidence in the police.,reword,one can have confidence in the police.,2,Quite a lot,
Q69,"Confidence: The Police I am going to name a number of organizations. For each one, could you tell me how much confidence you have in them: is it a great deal of confidence, quite a lot of confidence, not very much confidence or none at all? The police",I have high confidence in the police.,reword,one can have confidence in the police.,3,Not very much,
Q69,"Confidence: The Police I am going to name a number of organizations. For each one, could you tell me how much confidence you have in them: is it a great deal of confidence, quite a lot of confidence, not very much confidence or none at all? The police",I have high confidence in the police.,reword,one can have confidence in the police.,4,None at all,
Q70,"Confidence: Justice System/Courts I am going to name a number of organizations. For each one, could you tell me how much confidence you have in them: is it a great deal of confidence, quite a lot of confidence, not very much confidence or none at all? The courts",I have high confidence in courts and the justice system.,reword,one can have confidence in the justice system.,1,A great deal,
Q70,"Confidence: Justice System/Courts I am going to name a number of organizations. For each one, could you tell me how much confidence you have in them: is it a great deal of confidence, quite a lot of confidence, not very much confidence or none at all? The courts",I have high confidence in courts and the justice system.,reword,one can have confidence in the justice system.,2,Quite a lot,
Q70,"Confidence: Justice System/Courts I am going to name a number of organizations. For each one, could you tell me how much confidence you have in them: is it a great deal of confidence, quite a lot of confidence, not very much confidence or none at all? The courts",I have high confidence in courts and the justice system.,reword,one can have confidence in the justice system.,3,Not very much,
Q70,"Confidence: Justice System/Courts I am going to name a number of organizations. For each one, could you tell me how much confidence you have in them: is it a great deal of confidence, quite a lot of confidence, not very much confidence or none at all? The courts",I have high confidence in courts and the justice system.,reword,one can have confidence in the justice system.,4,None at all,
Q8,"Important child qualities: Independence  Here is a list of qualities that children can be encouraged to learn at home. Which, if any, do you consider to be especially important? Please choose up to five. – Independence",It is important for children to be independent.,keep,it is important for children to be independent.,1,Important,
Q8,"Important child qualities: Independence  Here is a list of qualities that children can be encouraged to learn at home. Which, if any, do you consider to be especially important? Please choose up to five. – Independence",It is important for children to be independent.,keep,it is important for children to be independent.,2,Not mentioned,
Q153,Aims of country: second choice People sometimes talk about what the aims of this country should be for the next ten years. On this card are listed some of the goals which different people would give top priority. Would you please say which one of these you consider the second most important?,,,,1,A high level of economic growth,
Q153,Aims of country: second choice People sometimes talk about what the aims of this country should be for the next ten years. On this card are listed some of the goals which different people would give top priority. Would you please say which one of these you consider the second most important?,,,,2,Making sure this country has strong defence forces,
Q153,Aims of country: second choice People sometimes talk about what the aims of this country should be for the next ten years. On this card are listed some of the goals which different people would give top priority. Would you please say which one of these you consider the second most important?,,,,3,Seeing that people have more say about how are done at their jobs and in their communities,
Q153,Aims of country: second choice People sometimes talk about what the aims of this country should be for the next ten years. On this card are listed some of the goals which different people would give top priority. Would you please say which one of these you consider the second most important?,,,,4,Trying to make our cities and countryside more beautiful,
Q155,Aims of respondent: second choice And which would be the next most important?,,,,1,Maintaining order in the nation,
Q155,Aims of respondent: second choice And which would be the next most important?,,,,2,Giving people more say in important government decisions,
Q155,Aims of respondent: second choice And which would be the next most important?,,,,3,Fighting rising prices,
Q155,Aims of respondent: second choice And which would be the next most important?,,,,4,Protecting freedom of speech,
